{
  "accuracy": [
    0.7414059638977051,
    0.8229435682296753,
    0.8405656218528748,
    0.8498581647872925,
    0.8564624786376953,
    0.8609076738357544,
    0.8637335300445557,
    0.8682528138160706,
    0.8723487854003906,
    0.8743279576301575
  ],
  "loss": [
    0.8207768797874451,
    0.540296196937561,
    0.485948383808136,
    0.4562532901763916,
    0.43479394912719727,
    0.42419785261154175,
    0.41150641441345215,
    0.4012564718723297,
    0.3911433219909668,
    0.38716885447502136
  ],
  "val_accuracy": [
    0.8799186944961548,
    0.8926680684089661,
    0.9108814597129822,
    0.9171925783157349,
    0.9114320874214172,
    0.9248591661453247,
    0.9199881553649902,
    0.9191833734512329,
    0.9238002300262451,
    0.9255368709564209
  ],
  "val_loss": [
    0.34708791971206665,
    0.31201237440109253,
    0.26655808091163635,
    0.24777352809906006,
    0.2662600874900818,
    0.22687192261219025,
    0.23688332736492157,
    0.23738877475261688,
    0.23171505331993103,
    0.22109219431877136
  ],
  "learning_rate": [
    0.0010000000474974513,
    0.0010000000474974513,
    0.0010000000474974513,
    0.0010000000474974513,
    0.0010000000474974513,
    0.0010000000474974513,
    0.0010000000474974513,
    0.0010000000474974513,
    0.0010000000474974513,
    0.0010000000474974513
  ]
}